-- --------------------------------------------------------
-- Host:                         127.0.0.1
-- Server version:               10.8.3-MariaDB - mariadb.org binary distribution
-- Server OS:                    Win64
-- HeidiSQL Version:             12.0.0.6468
-- --------------------------------------------------------

/*!40101 SET @OLD_CHARACTER_SET_CLIENT=@@CHARACTER_SET_CLIENT */;
/*!40101 SET NAMES utf8 */;
/*!50503 SET NAMES utf8mb4 */;
/*!40103 SET @OLD_TIME_ZONE=@@TIME_ZONE */;
/*!40103 SET TIME_ZONE='+00:00' */;
/*!40014 SET @OLD_FOREIGN_KEY_CHECKS=@@FOREIGN_KEY_CHECKS, FOREIGN_KEY_CHECKS=0 */;
/*!40101 SET @OLD_SQL_MODE=@@SQL_MODE, SQL_MODE='NO_AUTO_VALUE_ON_ZERO' */;
/*!40111 SET @OLD_SQL_NOTES=@@SQL_NOTES, SQL_NOTES=0 */;


-- Dumping database structure for cozycuppa
CREATE DATABASE IF NOT EXISTS `cozycuppa` /*!40100 DEFAULT CHARACTER SET latin1 */;
USE `cozycuppa`;

-- Dumping structure for table cozycuppa.assigned_drink_types
CREATE TABLE IF NOT EXISTS `assigned_drink_types` (
  `drink` int(11) NOT NULL,
  `type` int(11) NOT NULL,
  PRIMARY KEY (`drink`,`type`),
  KEY `FK9l7jc4sdmsao8f05mljyi8s8v` (`type`),
  CONSTRAINT `FK9l7jc4sdmsao8f05mljyi8s8v` FOREIGN KEY (`type`) REFERENCES `drink_types` (`type_id`) ON DELETE CASCADE,
  CONSTRAINT `FKsp0au6isjsbm7jb5ed8tnnon4` FOREIGN KEY (`drink`) REFERENCES `drinks` (`drink_id`) ON DELETE CASCADE
) ENGINE=InnoDB DEFAULT CHARSET=latin1;

-- Dumping data for table cozycuppa.assigned_drink_types: ~32 rows (approximately)
INSERT INTO `assigned_drink_types` (`drink`, `type`) VALUES
	(1, 5),
	(1, 8),
	(2, 4),
	(2, 5),
	(2, 6),
	(3, 1),
	(3, 5),
	(4, 1),
	(4, 5),
	(5, 4),
	(5, 5),
	(6, 2),
	(6, 3),
	(7, 1),
	(7, 5),
	(8, 5),
	(8, 9),
	(9, 9),
	(10, 2),
	(20, 6);

-- Dumping structure for table cozycuppa.comments
CREATE TABLE IF NOT EXISTS `comments` (
  `comment_id` int(11) NOT NULL AUTO_INCREMENT,
  `comment_body` varchar(255) DEFAULT NULL,
  `comment_date` date DEFAULT NULL,
  `comment_drink` int(11) DEFAULT NULL,
  `comment_author` int(11) DEFAULT NULL,
  PRIMARY KEY (`comment_id`),
  KEY `FKlq67r7fdfjpatgjsd96igmmf2` (`comment_author`),
  KEY `FKoxi353op095bb9i5j4epl3e9u` (`comment_drink`),
  CONSTRAINT `FKlq67r7fdfjpatgjsd96igmmf2` FOREIGN KEY (`comment_author`) REFERENCES `users` (`user_id`) ON DELETE CASCADE,
  CONSTRAINT `FKoxi353op095bb9i5j4epl3e9u` FOREIGN KEY (`comment_drink`) REFERENCES `drinks` (`drink_id`) ON DELETE CASCADE
) ENGINE=InnoDB AUTO_INCREMENT=18 DEFAULT CHARSET=latin1;

-- Dumping data for table cozycuppa.comments: ~17 rows (approximately)
INSERT INTO `comments` (`comment_id`, `comment_body`, `comment_date`, `comment_drink`, `comment_author`) VALUES
	(1, NULL, '2022-10-19', 6, 12),
	(2, NULL, '2022-10-19', 6, 12),
	(3, ' xgbcvxcbxcb f sd', '2022-10-19', 20, 12),
	(4, 'A second comment', '2022-10-19', 20, 12),
	(5, 'A second comment', '2022-10-19', 20, 12),
	(6, 'A second comment', '2022-10-19', 20, 12),
	(7, 'A second comment', '2022-10-19', 20, 12),
	(8, 'A second comment', '2022-10-19', 20, 12),
	(9, 'A second comment', '2022-10-19', 20, 12),
	(10, 'A second comment', '2022-10-19', 20, 12),
	(11, 'A second comment', '2022-10-19', 20, 12),
	(12, 'A second comment', '2022-10-19', 20, 12),
	(13, 'A second comment', '2022-10-19', 20, 12),
	(14, 'A second comment', '2022-10-19', 20, 12),
	(15, 'A second comment', '2022-10-19', 20, 12),
	(16, 'A second comment', '2022-10-19', 20, 12),
	(17, 'A second comment', '2022-10-19', 20, 12);

-- Dumping structure for table cozycuppa.countries
CREATE TABLE IF NOT EXISTS `countries` (
  `country_id` int(11) NOT NULL AUTO_INCREMENT,
  `country_code` varchar(255) DEFAULT NULL,
  `country_name` varchar(255) NOT NULL,
  `country_svg` varchar(255) DEFAULT NULL,
  `country_gps` varchar(255) DEFAULT NULL,
  `gps_coordinates` varchar(255) DEFAULT NULL,
  `has_drinks` bit(1) DEFAULT NULL,
  PRIMARY KEY (`country_id`),
  UNIQUE KEY `UK_c9ccge90oirf3ivfxcd2xnmnw` (`country_code`)
) ENGINE=InnoDB AUTO_INCREMENT=251 DEFAULT CHARSET=latin1;

-- Dumping data for table cozycuppa.countries: ~248 rows (approximately)
INSERT INTO `countries` (`country_id`, `country_code`, `country_name`, `country_svg`, `country_gps`, `gps_coordinates`, `has_drinks`) VALUES
	(2, 'AE', 'United Arab Emirates', 'https://www.amcharts.com/lib/3/maps/svg/uaeLow.svg', NULL, NULL, b'0'),
	(3, 'AD', 'Andorra', 'https://www.amcharts.com/lib/3/maps/svg/andorraLow.svg', NULL, NULL, b'0'),
	(5, 'AF', 'Afghanistan', 'https://www.amcharts.com/lib/3/maps/svg/afghanistanLow.svg', NULL, NULL, b'0'),
	(6, 'AG', 'Antigua and Barbuda', 'https://www.amcharts.com/lib/3/maps/svg/antiguaBarbudaLow.svg', NULL, NULL, b'0'),
	(7, 'AI', 'Anguilla', 'https://www.amcharts.com/lib/3/maps/svg/anguillaLow.svg', NULL, NULL, b'0'),
	(8, 'AL', 'Albania', 'https://www.amcharts.com/lib/3/maps/svg/albaniaLow.svg', NULL, NULL, b'0'),
	(9, 'AM', 'Armenia', 'https://www.amcharts.com/lib/3/maps/svg/armeniaLow.svg', NULL, NULL, b'0'),
	(10, 'AO', 'Angola', 'https://www.amcharts.com/lib/3/maps/svg/angolaLow.svg', NULL, NULL, b'0'),
	(11, 'AQ', 'Antarctica', 'n/a', NULL, NULL, b'0'),
	(12, 'AR', 'Argentina', 'https://www.amcharts.com/lib/3/maps/svg/argentinaLow.svg', NULL, NULL, b'0'),
	(13, 'AS', 'American Samoa', 'https://www.amcharts.com/lib/3/maps/svg/americanSamoaLow.svg', NULL, NULL, b'0'),
	(14, 'AT', 'Austria', 'https://www.amcharts.com/lib/3/maps/svg/austriaLow.svg', NULL, NULL, b'0'),
	(15, 'AU', 'Australia', 'https://www.amcharts.com/lib/3/maps/svg/australiaLow.svg', NULL, NULL, b'0'),
	(16, 'AW', 'Aruba', 'https://www.amcharts.com/lib/3/maps/svg/arubaLow.svg', NULL, NULL, b'0'),
	(17, 'AZ', 'Azerbaijan', 'https://www.amcharts.com/lib/3/maps/svg/azerbaijanLow.svg', NULL, NULL, b'0'),
	(18, 'BA', 'Bosnia and Herzegovina', 'https://www.amcharts.com/lib/3/maps/svg/bosniaHerzegovina.svg', NULL, NULL, b'0'),
	(19, 'BB', 'Barbados', 'https://www.amcharts.com/lib/3/maps/svg/barbadosLow.svg', NULL, NULL, b'0'),
	(20, 'BD', 'Bangladesh', 'https://www.amcharts.com/lib/3/maps/svg/bangladeshLow.svg', NULL, NULL, b'0'),
	(21, 'BE', 'Belgium', 'https://www.amcharts.com/lib/3/maps/svg/belgiumnLow.svg', NULL, NULL, b'0'),
	(22, 'BF', 'Burkina Faso', 'https://www.amcharts.com/lib/3/maps/svg/burkinaFasoLow.svg', NULL, NULL, b'0'),
	(23, 'BG', 'Bulgaria', 'https://www.amcharts.com/lib/3/maps/svg/bulgariaLow.svg', NULL, NULL, b'0'),
	(24, 'BH', 'Bahrain', 'https://www.amcharts.com/lib/3/maps/svg/bahrainaLow.svg', NULL, NULL, b'0'),
	(25, 'BI', 'Burundi', 'https://www.amcharts.com/lib/3/maps/svg/burundiLow.svg', NULL, NULL, b'0'),
	(26, 'BJ', 'Benin', 'https://www.amcharts.com/lib/3/maps/svg/beninLow.svg', NULL, NULL, b'0'),
	(27, 'BL', 'Saint Barthelemy', 'n/a', NULL, NULL, b'0'),
	(28, 'BM', 'Bermuda', 'https://www.amcharts.com/lib/3/maps/svg/bermudaLow.svg', NULL, NULL, b'0'),
	(29, 'BN', 'Brunei Darussalam', 'https://www.amcharts.com/lib/3/maps/svg/bruneiDarussalamLow.svg', NULL, NULL, b'0'),
	(30, 'BO', 'Bolivia', 'https://www.amcharts.com/lib/3/maps/svg/boliviaLow.svg', NULL, NULL, b'0'),
	(31, 'BQ', 'Bonaire, Sint Eustatius and Saba', 'https://www.amcharts.com/lib/3/maps/svg/bonaireSintEustatiusSabaLow.svg', NULL, NULL, b'0'),
	(32, 'BR', 'Brazil', 'https://www.amcharts.com/lib/3/maps/svg/brazilLow.svg', NULL, NULL, b'0'),
	(33, 'BT', 'Bhutan', 'https://www.amcharts.com/lib/3/maps/svg/bhutanow.svg', NULL, NULL, b'0'),
	(34, 'BV', 'Bouvet Island', 'n/a', NULL, NULL, b'0'),
	(35, 'BW', 'Botswana', 'https://www.amcharts.com/lib/3/maps/svg/botswanaLow.svg', NULL, NULL, b'0'),
	(36, 'BY', 'Belarus', 'https://www.amcharts.com/lib/3/maps/svg/belarusLow.svg', NULL, NULL, b'0'),
	(37, 'BZ', 'Belize', 'https://www.amcharts.com/lib/3/maps/svg/belizeLow.svg', NULL, NULL, b'0'),
	(38, 'CA', 'Canada', 'https://www.amcharts.com/lib/3/maps/svg/canadalow.svg', NULL, NULL, b'0'),
	(39, 'CC', 'Cocos (Keeling) Islands', 'https://www.amcharts.com/lib/3/maps/svg/cocosKeelingLow.svg', NULL, NULL, b'0'),
	(40, 'CD', 'Congo, The Democratic Republic of the', 'https://www.amcharts.com/lib/3/maps/svg/congoDRLow.svg', NULL, NULL, b'0'),
	(41, 'CF', 'Central African Republic', 'https://www.amcharts.com/lib/3/maps/svg/centralAfricanRepublic.svg', NULL, NULL, b'0'),
	(42, 'CG', 'Congo', 'https://www.amcharts.com/lib/3/maps/svg/congoLow.svg', NULL, NULL, b'0'),
	(43, 'CH', 'Switzerland', 'https://www.amcharts.com/lib/3/maps/svg/switzerlandLow.svg', NULL, NULL, b'0'),
	(44, 'CI', 'Cote d Ivoire', 'https://www.amcharts.com/lib/3/maps/svg/cotedIvoireLow.svg', NULL, NULL, b'0'),
	(45, 'CK', 'Cook Islands', 'n/a', NULL, NULL, b'0'),
	(46, 'CL', 'Chile', 'https://www.amcharts.com/lib/3/maps/svg/chileLow.svg', NULL, NULL, b'0'),
	(47, 'CM', 'Cameroon', 'https://www.amcharts.com/lib/3/maps/svg/cameroonLow.svg', NULL, NULL, b'0'),
	(48, 'CN', 'China', 'https://www.amcharts.com/lib/3/maps/svg/china.svg', NULL, NULL, b'0'),
	(49, 'CO', 'Colombia', 'https://www.amcharts.com/lib/3/maps/svg/colombia.svg', NULL, NULL, b'1'),
	(50, 'CR', 'Costa Rica', 'https://www.amcharts.com/lib/3/maps/svg/costaRicaLow.svg', NULL, NULL, b'0'),
	(51, 'CU', 'Cuba', 'https://www.amcharts.com/lib/3/maps/svg/CubaLow.svg', NULL, NULL, b'0'),
	(52, 'CV', 'Cape Verde', 'https://www.amcharts.com/lib/3/maps/svg/capeVerdeLow.svg', NULL, NULL, b'0'),
	(53, 'CW', 'Curacao', 'https://www.amcharts.com/lib/3/maps/svg/curacaoFasoLow.svg', NULL, NULL, b'0'),
	(54, 'CX', 'Christmas Island', 'N/A', NULL, NULL, b'0'),
	(55, 'CY', 'Cyprus', 'https://www.amcharts.com/lib/3/maps/svg/cyprusLow.svg', NULL, NULL, b'0'),
	(56, 'CZ', 'Czech Republic', 'https://www.amcharts.com/lib/3/maps/svg/czechiaLow.svg', NULL, NULL, b'0'),
	(57, 'DE', 'Germany', 'https://www.amcharts.com/lib/3/maps/svg/germanyLow.svg', NULL, NULL, b'0'),
	(58, 'DJ', 'Djibouti', 'https://www.amcharts.com/lib/3/maps/svg/djiboutiLow.svg', NULL, NULL, b'0'),
	(59, 'DK', 'Denmark', 'https://www.amcharts.com/lib/3/maps/svg/denmarkLow.svg', NULL, NULL, b'1'),
	(60, 'DM', 'Dominica', 'https://www.amcharts.com/lib/3/maps/svg/dominicaLow.svg', NULL, NULL, b'0'),
	(61, 'DO', 'Dominican Republic', 'https://www.amcharts.com/lib/3/maps/svg/dominicanRepublicLow.svg', NULL, NULL, b'0'),
	(62, 'DZ', 'Algeria', 'https://www.amcharts.com/lib/3/maps/svg/algeriaLow.svg', NULL, NULL, b'0'),
	(63, 'EC', 'Ecuador', 'https://www.amcharts.com/lib/3/maps/svg/ecuadorLow.svg', NULL, NULL, b'0'),
	(64, 'EE', 'Estonia', 'https://www.amcharts.com/lib/3/maps/svg/estoniaLow.svg', NULL, NULL, b'0'),
	(65, 'EG', 'Egypt', 'https://www.amcharts.com/lib/3/maps/svg/egyptLow.svg', NULL, NULL, b'1'),
	(66, 'EH', 'Western Sahara', 'n/a', NULL, NULL, b'0'),
	(67, 'ER', 'Eritrea', 'https://www.amcharts.com/lib/3/maps/svg/eritreaLow.svg', NULL, NULL, b'0'),
	(68, 'ES', 'Spain', 'https://www.amcharts.com/lib/3/maps/svg/spainLow.svg', NULL, NULL, b'0'),
	(69, 'ET', 'Ethiopia', 'https://www.amcharts.com/lib/3/maps/svg/ethiopiaLow.svg', NULL, NULL, b'0'),
	(70, 'FI', 'Finland', 'https://www.amcharts.com/lib/3/maps/svg/finlandLow.svg', NULL, NULL, b'0'),
	(71, 'FJ', 'Fiji', 'https://www.amcharts.com/lib/3/maps/svg/fijiEastLow.svg', NULL, NULL, b'0'),
	(72, 'FK', 'Falkland Islands (Malvinas)', 'https://www.amcharts.com/lib/3/maps/svg/falklandIslandsLow.svg', NULL, NULL, b'0'),
	(73, 'FM', 'Federated States of Micronesia', 'n/a', NULL, NULL, b'0'),
	(74, 'FO', 'Faroe Islands', 'https://www.amcharts.com/lib/3/maps/svg/faroeIslandsLow.svg', NULL, NULL, b'0'),
	(75, 'FR', 'France', 'https://www.amcharts.com/lib/3/maps/svg/franceLow.svg', NULL, NULL, b'1'),
	(76, 'GA', 'Gabon', 'https://www.amcharts.com/lib/3/maps/svg/gabonLow.svg', NULL, NULL, b'0'),
	(77, 'GB', 'United Kingdom', 'https://www.amcharts.com/lib/3/maps/svg/ukLow.svg', NULL, NULL, b'1'),
	(78, 'GB-CHA', 'Channel Islands', 'https://www.amcharts.com/lib/3/maps/svg/channelIslandsLow.svg', NULL, NULL, b'0'),
	(79, 'GD', 'Grenada', 'https://www.amcharts.com/lib/3/maps/svg/grenadaLow.svg', NULL, NULL, b'0'),
	(80, 'GE', 'Georgia', 'https://www.amcharts.com/lib/3/maps/svg/georgiaLow.svg', NULL, NULL, b'0'),
	(81, 'GF', 'French Guiana', 'https://www.amcharts.com/lib/3/maps/svg/frenchGuianaLow.svg', NULL, NULL, b'0'),
	(82, 'GG', 'Guernsey', 'n/a', NULL, NULL, b'0'),
	(83, 'GH', 'Ghana', 'https://www.amcharts.com/lib/3/maps/svg/ghanaLow.svg', NULL, NULL, b'0'),
	(84, 'GI', 'Gibraltar', 'n/a', NULL, NULL, b'0'),
	(85, 'GL', 'Greenland Faso', 'https://www.amcharts.com/lib/3/maps/svg/greenlandFasoLow.svg', NULL, NULL, b'0'),
	(86, 'GM', 'Gambia', 'https://www.amcharts.com/lib/3/maps/svg/gambiaLow.svg', NULL, NULL, b'0'),
	(87, 'GN', 'Guinea', 'https://www.amcharts.com/lib/3/maps/svg/guineaLow.svg', NULL, NULL, b'0'),
	(88, 'GP', 'Guadeloupe', 'https://www.amcharts.com/lib/3/maps/svg/guadeloupeLow.svg', NULL, NULL, b'0'),
	(89, 'GQ', 'Equatorial Guinea', 'https://www.amcharts.com/lib/3/maps/svg/equatorialGuineaLow.svg', NULL, NULL, b'0'),
	(90, 'GR', 'Greece', 'https://www.amcharts.com/lib/3/maps/svg/greeceLow.svg', NULL, NULL, b'0'),
	(91, 'GS', 'South Georgia and the South Sandwich Islands', 'n/a', NULL, NULL, b'0'),
	(92, 'GT', 'Guatemala', 'https://www.amcharts.com/lib/3/maps/svg/guatemalaLow.svg', NULL, NULL, b'0'),
	(93, 'GU', 'Guam', 'https://www.amcharts.com/lib/3/maps/svg/guamLow.svg', NULL, NULL, b'0'),
	(94, 'GW', 'Guinea-Bissau', 'https://www.amcharts.com/lib/3/maps/svg/guineaBissauLow.svg', NULL, NULL, b'0'),
	(95, 'GY', 'Guyana', 'https://www.amcharts.com/lib/3/maps/svg/guyanaLow.svg', NULL, NULL, b'0'),
	(96, 'HK', 'Hong Kong', 'https://www.amcharts.com/lib/3/maps/svg/hongKongLow.svg', NULL, NULL, b'1'),
	(97, 'HM', 'Heard Island and McDonald Islands', 'n/a', NULL, NULL, b'0'),
	(98, 'HN', 'Honduras', 'https://www.amcharts.com/lib/3/maps/svg/hondurasLow.svg', NULL, NULL, b'0'),
	(99, 'HR', 'Croatia', 'https://www.amcharts.com/lib/3/maps/svg/croatiaLow.svg', NULL, NULL, b'0'),
	(100, 'HT', 'Haiti', 'https://www.amcharts.com/lib/3/maps/svg/haitiLow.svg', NULL, NULL, b'0'),
	(101, 'HU', 'Hungary', 'https://www.amcharts.com/lib/3/maps/svg/hungaryLow.svg', NULL, NULL, b'0'),
	(102, 'ID', 'Indonesia', 'https://www.amcharts.com/lib/3/maps/svg/indonesiaLow.svg', NULL, NULL, b'0'),
	(103, 'IE', 'Ireland', 'https://www.amcharts.com/lib/3/maps/svg/irelandLow.svg', NULL, NULL, b'0'),
	(104, 'IL', 'Israel', 'https://www.amcharts.com/lib/3/maps/svg/israelLow.svg', NULL, NULL, b'0'),
	(105, 'IM', 'Isle of Man', 'N/A', NULL, NULL, b'0'),
	(106, 'IN', 'India', 'https://www.amcharts.com/lib/3/maps/svg/india2020Low.svg', NULL, NULL, b'0'),
	(107, 'IO', 'British Indian Ocean Territory', 'https://www.amcharts.com/lib/3/maps/svg/britishIndianOceanTerritoryLow.svg', NULL, NULL, b'0'),
	(108, 'IQ', 'Iraq', 'https://www.amcharts.com/lib/3/maps/svg/iraqLow.svg', NULL, NULL, b'0'),
	(109, 'IR', 'Iran', 'https://www.amcharts.com/lib/3/maps/svg/iranLow.svg', NULL, NULL, b'0'),
	(110, 'IS', 'Iceland', 'https://www.amcharts.com/lib/3/maps/svg/icelandLow.svg', NULL, NULL, b'0'),
	(111, 'IT', 'Italy', 'https://www.amcharts.com/lib/3/maps/svg/italyLow.svg', NULL, NULL, b'1'),
	(112, 'JE', 'Jersey', 'https://www.amcharts.com/lib/3/maps/svg/channelIslandsLow.svg', NULL, NULL, b'0'),
	(113, 'JM', 'Jamaica', 'https://www.amcharts.com/lib/3/maps/svg/jamaicaLow.svg', NULL, NULL, b'0'),
	(114, 'JO', 'Jordan', 'https://www.amcharts.com/lib/3/maps/svg/jordanLow.svg', NULL, NULL, b'0'),
	(115, 'JP', 'Japan', 'https://www.amcharts.com/lib/3/maps/svg/japanLow.svg', NULL, NULL, b'1'),
	(116, 'KE', 'Kenya', 'https://www.amcharts.com/lib/3/maps/svg/kenyaLow.svg', NULL, NULL, b'0'),
	(117, 'KG', 'Kyrgyzstan', 'https://www.amcharts.com/lib/3/maps/svg/kyrgyzstanLow.svg', NULL, NULL, b'0'),
	(118, 'KH', 'Cambodia', 'https://www.amcharts.com/lib/3/maps/svg/cambodiaoLow.svg', NULL, NULL, b'0'),
	(119, 'KI', 'Kiribati', 'n/a', NULL, NULL, b'0'),
	(120, 'KM', 'Comoros', 'https://www.amcharts.com/lib/3/maps/svg/comorosaLow.svg', NULL, NULL, b'0'),
	(121, 'KP', 'Democratic Peoples Republic of Korea', 'https://www.amcharts.com/lib/3/maps/svg/northKoreaLow.svg', NULL, NULL, b'0'),
	(122, 'KR', 'Republic of Korea', 'https://www.amcharts.com/lib/3/maps/svg/southKoreaLow.svg', NULL, NULL, b'0'),
	(123, 'KN', 'Saint Kitts and Nevis', 'https://www.amcharts.com/lib/3/maps/svg/stKittsNevisLow.svg', NULL, NULL, b'0'),
	(124, 'KW', 'Kuwait', 'https://www.amcharts.com/lib/3/maps/svg/kuwaitLow.svg', NULL, NULL, b'0'),
	(125, 'KY', 'Cayman Islands', 'https://www.amcharts.com/lib/3/maps/svg/caymanIslandsLow.svg', NULL, NULL, b'0'),
	(126, 'KZ', 'Kazakhstan', 'https://www.amcharts.com/lib/3/maps/svg/kazakhstanLow.svg', NULL, NULL, b'0'),
	(127, 'LA', 'Lao Peoples Democratic Republic', 'https://www.amcharts.com/lib/3/maps/svg/laosLow.svg', NULL, NULL, b'0'),
	(128, 'LB', 'Lebanon', 'https://www.amcharts.com/lib/3/maps/svg/lebanonLow.svg', NULL, NULL, b'0'),
	(129, 'LC', 'Saint Lucia', 'https://www.amcharts.com/lib/3/maps/svg/saintLuciaLow.svg', NULL, NULL, b'0'),
	(130, 'LI', 'Liechtenstein', 'https://www.amcharts.com/lib/3/maps/svg/liechtensteinLow.svg', NULL, NULL, b'0'),
	(131, 'LK', 'Sri Lanka', 'https://www.amcharts.com/lib/3/maps/svg/sriLankaLow.svg', NULL, NULL, b'0'),
	(132, 'LR', 'Liberia', 'https://www.amcharts.com/lib/3/maps/svg/liberiaLow.svg', NULL, NULL, b'0'),
	(133, 'LS', 'Lesotho', 'https://www.amcharts.com/lib/3/maps/svg/lesothoLow.svg', NULL, NULL, b'0'),
	(134, 'LT', 'Lithuania', 'https://www.amcharts.com/lib/3/maps/svg/lithuaniaLow.svg', NULL, NULL, b'0'),
	(135, 'LU', 'Luxembourg', 'https://www.amcharts.com/lib/3/maps/svg/luxembourgLow.svg', NULL, NULL, b'0'),
	(136, 'LV', 'Latvia', 'https://www.amcharts.com/lib/3/maps/svg/latvia2021Low.svg', NULL, NULL, b'0'),
	(137, 'LY', 'Libya', 'https://www.amcharts.com/lib/3/maps/svg/libyaLow.svg', NULL, NULL, b'0'),
	(138, 'MA', 'Morocco', 'https://www.amcharts.com/lib/3/maps/svg/moroccoLow.svg', NULL, NULL, b'0'),
	(139, 'MC', 'Monaco', 'n/a', NULL, NULL, b'0'),
	(140, 'MD', 'Republic of Moldova', 'https://www.amcharts.com/lib/3/maps/svg/moldovaLow.svg', NULL, NULL, b'0'),
	(141, 'ME', 'Montenegro', 'https://www.amcharts.com/lib/3/maps/svg/montenegroLow.svg', NULL, NULL, b'0'),
	(142, 'MF', 'Saint Martin (French Part)', 'n/a', NULL, NULL, b'0'),
	(143, 'MG', 'Madagascar', 'https://www.amcharts.com/lib/3/maps/svg/madagascarProvinceLow.svg', NULL, NULL, b'0'),
	(144, 'MH', 'Marshall Islands', 'n/a', NULL, NULL, b'0'),
	(145, 'MK', 'North Macedonias', 'https://www.amcharts.com/lib/3/maps/svg/northMacedoniaLow.svg', NULL, NULL, b'0'),
	(146, 'ML', 'Mali', 'https://www.amcharts.com/lib/3/maps/svg/maliLow.svg', NULL, NULL, b'0'),
	(147, 'MM', 'Myanmar', 'https://www.amcharts.com/lib/3/maps/svg/myanmarLow.svg', NULL, NULL, b'0'),
	(148, 'MN', 'Mongolia', 'https://www.amcharts.com/lib/3/maps/svg/mongoliaLowLow.svg', NULL, NULL, b'0'),
	(149, 'MO', 'Macao', 'N/A', NULL, NULL, b'0'),
	(150, 'MP', 'Northern Mariana Island', 'https://www.amcharts.com/lib/3/maps/svg/northernMarianaLow.svg', NULL, NULL, b'0'),
	(151, 'MQ', 'Martinique', 'https://www.amcharts.com/lib/3/maps/svg/martiniqueLowLow.svg', NULL, NULL, b'0'),
	(152, 'MR', 'Mauritania', 'https://www.amcharts.com/lib/3/maps/svg/mauritaniaLow.svg', NULL, NULL, b'0'),
	(153, 'MS', 'Montserrat', 'https://www.amcharts.com/lib/3/maps/svg/montserratLow.svg', NULL, NULL, b'0'),
	(154, 'MT', 'Malta', 'https://www.amcharts.com/lib/3/maps/svg/maltaLow.svg', NULL, NULL, b'0'),
	(155, 'MU', 'Mauritius', 'N/A', NULL, NULL, b'0'),
	(156, 'MV', 'Maldives', 'https://www.amcharts.com/lib/3/maps/svg/maldivesLow.svg', NULL, NULL, b'0'),
	(157, 'MW', 'Malawi', 'https://www.amcharts.com/lib/3/maps/svG/malawiLow.svg', NULL, NULL, b'0'),
	(158, 'MX', 'Mexico', 'https://www.amcharts.com/lib/3/maps/svg/mexicoLow.svg', NULL, NULL, b'0'),
	(159, 'MY', 'Malaysia', 'https://www.amcharts.com/lib/3/maps/svg/malaysiaLow.svg', NULL, NULL, b'0'),
	(160, 'MZ', 'Mozambique', 'https://www.amcharts.com/lib/3/maps/svg/mozambiqueLow.svg', NULL, NULL, b'0'),
	(161, 'NA', 'Namibia', 'https://www.amcharts.com/lib/3/maps/svg/namibiaLow.svg', NULL, NULL, b'0'),
	(162, 'NC', '"New Caledonia', 'N/A', NULL, NULL, b'0'),
	(163, 'NE', 'Niger', 'https://www.amcharts.com/lib/3/maps/svg/nigerLow.svg', NULL, NULL, b'0'),
	(164, 'NF', 'Norfolk Island', 'N/A', NULL, NULL, b'0'),
	(165, 'NG', 'Nigeria', 'https://www.amcharts.com/lib/3/maps/svg/nigeriaLow.svg', NULL, NULL, b'0'),
	(166, 'NI', 'Nicaragua', 'https://www.amcharts.com/lib/3/maps/svg/nicaraguaLow.svg', NULL, NULL, b'0'),
	(167, 'NL', 'Netherlands', 'https://www.amcharts.com/lib/3/maps/svG/netherlandsLow.svg', NULL, NULL, b'0'),
	(168, 'NO', 'Norway', 'https://www.amcharts.com/lib/3/maps/svg/norway2020Low.svg', NULL, NULL, b'0'),
	(169, 'NP', 'Nepal', 'https://www.amcharts.com/lib/3/maps/svg/nepalLow.svg', NULL, NULL, b'0'),
	(170, 'NR', 'Nauru', 'N/A', NULL, NULL, b'0'),
	(171, 'NU', 'Niue', 'N/A', NULL, NULL, b'0'),
	(172, 'NZ', 'New Zealand', 'https://www.amcharts.com/lib/3/maps/svg/newZealandLow.svg', NULL, NULL, b'0'),
	(173, 'OM', 'Oman', 'https://www.amcharts.com/lib/3/maps/svg/omanLow.svg', NULL, NULL, b'0'),
	(174, 'PA', 'Panama', 'https://www.amcharts.com/lib/3/maps/svg/panamaLow.svg', NULL, NULL, b'0'),
	(175, 'PE', 'Peru', 'https://www.amcharts.com/lib/3/maps/svg/peruLow.svg', NULL, NULL, b'0'),
	(176, 'PF', 'French Polynesia', 'N/A', NULL, NULL, b'0'),
	(177, 'PG', 'Papua New Guinea', 'N/A', NULL, NULL, b'0'),
	(178, 'PH', 'Philippines', 'https://www.amcharts.com/lib/3/maps/svg/philippinesLowsvg', NULL, NULL, b'0'),
	(179, 'PK', 'Pakistan', 'https://www.amcharts.com/lib/3/maps/svg/pakistanLow.svg', NULL, NULL, b'0'),
	(180, 'PL', 'Poland', 'https://www.amcharts.com/lib/3/maps/svg/polandLow.svg', NULL, NULL, b'0'),
	(181, 'PM', 'Saint Pierre and Miquelon', 'https://www.amcharts.com/lib/3/maps/svg/stPierreMiquelonLow.svg', NULL, NULL, b'0'),
	(182, 'PN', 'Pitcairn', 'N/A', NULL, NULL, b'0'),
	(183, 'PR', 'Puerto Rico', 'https://www.amcharts.com/lib/3/maps/svg/puertoRicoLow.svg', NULL, NULL, b'0'),
	(184, 'PS', 'Palestinian', 'https://www.amcharts.com/lib/3/maps/svg/palestineLow.svg', NULL, NULL, b'0'),
	(185, 'PT', 'Portugal', 'https://www.amcharts.com/lib/3/maps/svg/portugalLow.svg', NULL, NULL, b'0'),
	(186, 'PW', 'Palau', 'N/A', NULL, NULL, b'0'),
	(187, 'PY', 'Paraguay', 'https://www.amcharts.com/lib/3/maps/svg/paraguayLow.svg', NULL, NULL, b'0'),
	(188, 'QA', 'Qatar', 'https://www.amcharts.com/lib/3/maps/svg/qatarLow.svg', NULL, NULL, b'0'),
	(189, 'RE', 'Reunion', 'N/A', NULL, NULL, b'0'),
	(190, 'RO', 'Romania', 'https://www.amcharts.com/lib/3/maps/svg/romaniaLow.svg', NULL, NULL, b'0'),
	(191, 'RS', 'Serbia', 'https://www.amcharts.com/lib/3/maps/svg/serbiaLow.svg', NULL, NULL, b'0'),
	(192, 'RU', 'Russia', 'https://www.amcharts.com/lib/3/maps/svg/russiaLow.svg', NULL, NULL, b'0'),
	(193, 'RW', 'Rwanda', 'https://www.amcharts.com/lib/3/maps/svg/rwandaLow.svg', NULL, NULL, b'0'),
	(194, 'SA', 'Saudi Arabia', 'https://www.amcharts.com/lib/3/maps/svg/saudiArabiaLow.svg', NULL, NULL, b'0'),
	(195, 'SB', 'Solomon Islands', 'https://www.amcharts.com/lib/3/maps/svg/solomonIslandsLow.svg', NULL, NULL, b'0'),
	(196, 'SC', 'Seychelles', 'https://www.amcharts.com/lib/3/maps/svg/seychellesLow.svg', NULL, NULL, b'0'),
	(197, 'SD', 'Sudan', 'https://www.amcharts.com/lib/3/maps/svg/sudanLow.svg', NULL, NULL, b'0'),
	(198, 'SE', 'Sweden', 'https://www.amcharts.com/lib/3/maps/svg/swedenLow.svg', NULL, NULL, b'0'),
	(199, 'SG', 'Singapore', 'https://www.amcharts.com/lib/3/maps/svg/singaporeLow.svg', NULL, NULL, b'0'),
	(200, 'SH', 'Saint Helena, Ascension and Tristan da Cunha', 'https://www.amcharts.com/lib/3/maps/svg/saintHelenaLow.svg', NULL, NULL, b'0'),
	(201, 'SI', 'Slovenia', 'https://www.amcharts.com/lib/3/maps/svg/sloveniaLow.svg', NULL, NULL, b'0'),
	(202, 'SJ', 'Svalbard and Jan Mayen', 'https://www.amcharts.com/lib/3/maps/svg/svalbardLow.svg', NULL, NULL, b'0'),
	(203, 'SK', 'Slovakia', 'https://www.amcharts.com/lib/3/maps/svg/slovakiaLow.svg', NULL, NULL, b'0'),
	(204, 'SL', 'Sierra Leone', 'https://www.amcharts.com/lib/3/maps/svg/sierraLeoneLow.svg', NULL, NULL, b'0'),
	(205, 'SM', 'San Marino', 'https://www.amcharts.com/lib/3/maps/svg/sanMarinoLow.svg', NULL, NULL, b'0'),
	(206, 'SN', 'Senegal', 'https://www.amcharts.com/lib/3/maps/svg/senegalLow.svg', NULL, NULL, b'0'),
	(207, 'SO', 'Somalia', 'https://www.amcharts.com/lib/3/maps/svg/somaliaLow.svg', NULL, NULL, b'0'),
	(208, 'SR', 'Suriname', 'https://www.amcharts.com/lib/3/maps/svg/surinameLow.svg', NULL, NULL, b'0'),
	(209, 'SS', 'South Sudan', 'https://www.amcharts.com/lib/3/maps/svg/southSudanLow.svg', NULL, NULL, b'0'),
	(210, 'ST', 'Sao Tome and Principe', 'https://www.amcharts.com/lib/3/maps/svg/saoTomePrincipeLow.svg', NULL, NULL, b'0'),
	(211, 'SV', 'El Salvador', 'https://www.amcharts.com/lib/3/maps/svg/elSalvadorLow.svg', NULL, NULL, b'0'),
	(212, 'SX', 'Sint Maarten', 'N/A', NULL, NULL, b'0'),
	(213, 'SY', 'Syrian Arab Republic', 'https://www.amcharts.com/lib/3/maps/svg/syriaLow.svg', NULL, NULL, b'0'),
	(214, 'SZ', 'Swaziland', 'https://www.amcharts.com/lib/3/maps/svg/eswatiniLow.svg', NULL, NULL, b'0'),
	(215, 'TC', 'Turks and Caicos Islands', 'N/A', NULL, NULL, b'0'),
	(216, 'TD', 'Chad', 'https://www.amcharts.com/lib/3/maps/svg/chadLow.svg', NULL, NULL, b'0'),
	(217, 'TF', 'French Southern Territories', 'N/A', NULL, NULL, b'0'),
	(218, 'TG', 'Togo', 'https://www.amcharts.com/lib/3/maps/svg/togoLow.svg', NULL, NULL, b'0'),
	(219, 'TH', 'Thailand', 'https://www.amcharts.com/lib/3/maps/svg/thailandLow.svg', NULL, NULL, b'0'),
	(220, 'TK', 'Tajikistan', 'https://www.amcharts.com/lib/3/maps/svg/tajikistanLow.svg', NULL, NULL, b'0'),
	(221, 'TL', 'Timor-Leste', 'https://www.amcharts.com/lib/3/maps/svg/timorLesteLow.svg', NULL, NULL, b'0'),
	(222, 'TM', 'Turkmenistan', 'https://www.amcharts.com/lib/3/maps/svg/turkmenistanLow.svg', NULL, NULL, b'0'),
	(223, 'TN', 'Tunisia', 'https://www.amcharts.com/lib/3/maps/svg/tunisiaLow.svg', NULL, NULL, b'0'),
	(224, 'TO', 'Tonga', 'N/A', NULL, NULL, b'0'),
	(225, 'TR', 'Turkey', 'https://www.amcharts.com/lib/3/maps/svg/turkeyLow.svg', NULL, NULL, b'0'),
	(226, 'TT', 'Trinidad and Tobago', 'https://www.amcharts.com/lib/3/maps/svg/trinidadTobagoLow.svg', NULL, NULL, b'0'),
	(227, 'TV', 'Tuvalu', 'N/A', NULL, NULL, b'0'),
	(228, 'TW', 'Taiwan', 'https://www.amcharts.com/lib/3/maps/svg/taiwanLow.svg', NULL, NULL, b'0'),
	(229, 'TZ', 'Tanzania', 'https://www.amcharts.com/lib/3/maps/svg/tanzaniaLow.svg', NULL, NULL, b'0'),
	(230, 'UA', 'Ukraine', 'https://www.amcharts.com/lib/3/maps/svg/ukraineLow.svg', NULL, NULL, b'0'),
	(231, 'UG', 'Uganda', 'https://www.amcharts.com/lib/3/maps/svg/ugandaLow.svg', NULL, NULL, b'0'),
	(232, 'UM', 'United States Minor Outlying Islands', 'N/A', NULL, NULL, b'0'),
	(233, 'US', 'United States', 'https://www.amcharts.com/lib/3/maps/svg/usaLow.svg', NULL, NULL, b'1'),
	(234, 'UY', 'Uruguay', 'https://www.amcharts.com/lib/3/maps/svg/uruguayLow.svg', NULL, NULL, b'0'),
	(235, 'UZ', 'Uzbekistan', 'https://www.amcharts.com/lib/3/maps/svg/uzbekistanLow.svg', NULL, NULL, b'0'),
	(236, 'VA', 'Holy See (Vatican City State)', 'https://www.amcharts.com/lib/3/maps/svg/vaticanLow.svg', NULL, NULL, b'0'),
	(237, 'VC', 'Saint Vincent and the Grenadines', 'https://www.amcharts.com/lib/3/maps/svg/saintVincentLow.svg', NULL, NULL, b'0'),
	(238, 'VE', 'Venezuela', 'https://www.amcharts.com/lib/3/maps/svg/venezuelaLow.svg', NULL, NULL, b'0'),
	(239, 'VG', 'British Virgin Islands', 'https://www.amcharts.com/lib/3/maps/svg/britishVirginIslandsLow.svg', NULL, NULL, b'0'),
	(240, 'VI', ' U.S. Virgin Islands', 'https://www.amcharts.com/lib/3/maps/svg/usVirginIslandsLow.svg', NULL, NULL, b'0'),
	(241, 'VN', 'Viet Nam', 'https://www.amcharts.com/lib/3/maps/svg/vietnamLow.svg', NULL, NULL, b'0'),
	(242, 'VU', 'Vanuatu', 'N/A', NULL, NULL, b'0'),
	(243, 'WF', 'Wallis and Futuna', 'N/A', NULL, NULL, b'0'),
	(244, 'WS', 'Samoa', 'https://www.amcharts.com/lib/3/maps/svg/samoaLow.svg', NULL, NULL, b'0'),
	(245, 'YE', 'Yemen', 'https://www.amcharts.com/lib/3/maps/svg/yemenLow.svg', NULL, NULL, b'0'),
	(246, 'YT', 'Mayotte', 'N/A', NULL, NULL, b'0'),
	(247, 'ZA', 'South Africa', 'https://www.amcharts.com/lib/3/maps/svg/southAfricaLow.svg', NULL, NULL, b'0'),
	(248, 'ZM', 'Zambia', 'https://www.amcharts.com/lib/3/maps/svg/zambiaLow.svg', NULL, NULL, b'0'),
	(249, 'ZW', 'Zimbabwe', 'https://www.amcharts.com/lib/3/maps/svg/zimbabweLow.svg', NULL, NULL, b'0'),
	(250, 'XK', 'Kosovo', 'https://www.amcharts.com/lib/3/maps/svg/kosovoLow.svg', NULL, NULL, b'0');

-- Dumping structure for table cozycuppa.drinks
CREATE TABLE IF NOT EXISTS `drinks` (
  `drink_id` int(11) NOT NULL AUTO_INCREMENT,
  `date_published` datetime DEFAULT NULL,
  `drink_img_url` varchar(255) DEFAULT NULL,
  `drink_name` varchar(255) NOT NULL,
  `drink_notes` text DEFAULT NULL,
  `making_notes` varchar(255) DEFAULT NULL,
  `drink_author` int(11) DEFAULT NULL,
  `drink_country` int(11) DEFAULT NULL,
  PRIMARY KEY (`drink_id`),
  KEY `FKrimij5da56opmuce8bqxjau1q` (`drink_author`),
  KEY `FKg1xe532noxkf65w1ftnqhitwc` (`drink_country`),
  CONSTRAINT `FKg1xe532noxkf65w1ftnqhitwc` FOREIGN KEY (`drink_country`) REFERENCES `countries` (`country_id`),
  CONSTRAINT `FKrimij5da56opmuce8bqxjau1q` FOREIGN KEY (`drink_author`) REFERENCES `users` (`user_id`)
) ENGINE=InnoDB AUTO_INCREMENT=21 DEFAULT CHARSET=latin1;

-- Dumping data for table cozycuppa.drinks: ~21 rows (approximately)
INSERT INTO `drinks` (`drink_id`, `date_published`, `drink_img_url`, `drink_name`, `drink_notes`, `making_notes`, `drink_author`, `drink_country`) VALUES
	(1, '2022-10-13 00:00:00', '/media/Drinks/1.jpg', 'Sahlab', 'Sahlab is rich, creamy and delicious, and topped with nuts and cinnamon. This traditional hot drink is a luxurious cold weather treat in Israel and across the Middle East.', 'This delightful example was pulled from https://family-friends-food.com/sahlab-sweet-creamy-hot-drink-and-ancient-aphrodisiac/', 3, 65),
	(2, '2022-10-13 00:00:00', '/media/Drinks/2.jpg', 'Glogg', 'Sweet, warm, and spicy, glögg (pronounced "glue-gh") is Denmark\'s seasonal gift to chilly souls around the globe. Often enjoyed as a Christmas holiday drink, glögg means "glowing ember" and this mulled wine carries the classic connotations and merry musings of its Old Norse origins. Promising good cheer in a steamy cup, this punch charms with high-octane aromas, super spice, and the warm glow of good wine. ', 'This delightful example was pulled from https://www.thespruceeats.com/traditional-glogg-recipe-3510987', 6, 59),
	(3, '2022-10-13 00:00:00', '/media/Drinks/3.jpg', 'Hong Kong Milk Tea', 'Hong Kong Milk Tea is an effortless drink that you can make at home using tea leaves. All you need is a prep time of 1 minute, a cooking time of 8 minutes. The following recipe serves 4 to 6 cups. Each cup is about 200 calories. Let’s get started now!', 'This delightful example was pulled from https://www.honestfoodtalks.com/hong-kong-milk-tea-recipe/', 1, 96),
	(4, '2022-10-13 00:00:00', '/media/Drinks/4.jpg', 'Matcha Latte', 'A steaming hot matcha latte is a delicious drink that is easy to make at home. TV host, cookbook author, and blogger Molly Yeh shares her easy recipe that calls for matcha powder, milk, and honey for sweetness. A fine powder made of ground green tea leaves, matcha contributes an earthy, somewhat bitter flavor as well as bright green color. Making your own matcha latte not only saves you money but also allows you to control the level of sweetness. It\'s important to first sift and then whisk the matcha until there are no lumps; traditionally, a bamboo whisk is used, but a regular metal whisk will work just fine. To get a frothy finish, whip in the milk with a milk frother.', 'This delightful example was pulled from https://www.foodandwine.com/recipes/matcha-latte', 12, 115),
	(5, '2022-10-13 00:00:00', '/media/Drinks/5.jpg', 'Eggnog', 'You wont believe how easy and DELICIOUS homemade Eggnog is, and this recipe really is the best! Thick and creamy with the perfect mild flavor and hint of nutmeg. You’ll never buy store-bought eggnog again!', 'This delightful example was pulled from https://tastesbetterfromscratch.com/homemade-eggnog/', 12, 233),
	(6, '2022-10-13 00:00:00', '/media/Drinks/6.jpg', 'Bicerin', 'This recipe is so decadent and rich it needs to be your Christmas Eve treat. Your soul will sing, your taste buds will dance, and your heart will be a bit happier.', 'This delightful example was pulled from https://www.nelliebellie.com/italian-coffee-recipe/', 12, 111),
	(7, '2022-10-13 00:00:00', '/media/Drinks/7.jpg', 'Chai Tea Latte', 'This homemade chai tea latte recipe is internet famous and loved by thousands of readers. And it’s way better than a Starbucks chai tea latte. Made with simple pantry ingredients: black tea, warming spices, and milk. This from-scratch recipe is a tea lover’s favorite: rich and warming chai flavor with the perfect touch of natural sweetness. The perfect balance that makes this tea a must-make.', 'This delightful example was pulled from https://livesimply.me/homemade-chai-tea-latte/', 12, 77),
	(8, '2022-10-13 00:00:00', '/media/Drinks/8.jpg', 'AGUAPANELA (SUGAR CANE DRINK)', 'Aguapanela or Agua de Panela is a traditional Colombian drink. It\'s made with sugar cane and it can be served cold or warm.', 'This delightful example was pulled from https://www.mycolombianrecipes.com/aguapanela-sugar-cane-drink/', 12, 49),
	(9, '2022-10-13 00:00:00', '/media/Drinks/9.jpg', 'Apple Cider', 'Homemade Apple Cider Recipe – Easy and delicious homemade apple cider recipe made with apples, oranges, cinnamon, and cloves. Stovetop and slow cooker instructions included!', 'This delightful example was pulled fromhttps://addapinch.com/homemade-apple-cider-recipe/', 12, 233),
	(10, '2022-10-13 00:00:00', '/media/Drinks/10.jpg', 'Le Chocolat Chaud', 'The most decadent dark hot chocolate recipe that tastes just like the French hot chocolate found in Paris cafés. Intense, rich, and absolute heaven for any chocolate lover. Recipe based off of the famous Café Angelina in Paris.', 'This delightful example was pulled from https://www.wellplated.com/french-hot-chocolate/#wprm-recipe-container-33146', 12, 75),
	(17, '2022-10-19 17:57:17', '/media/Drinks/17.jpg', 'Image test', '', '', 12, 14),
	(20, '2022-10-19 18:22:21', '/media/drinks/20.jpg', 'terstertewr', '', '', 12, 12);

-- Dumping structure for table cozycuppa.drink_types
CREATE TABLE IF NOT EXISTS `drink_types` (
  `type_id` int(11) NOT NULL AUTO_INCREMENT,
  `type_name` varchar(255) DEFAULT NULL,
  PRIMARY KEY (`type_id`)
) ENGINE=InnoDB AUTO_INCREMENT=10 DEFAULT CHARSET=latin1;

-- Dumping data for table cozycuppa.drink_types: ~9 rows (approximately)
INSERT INTO `drink_types` (`type_id`, `type_name`) VALUES
	(1, 'Tea'),
	(2, 'Coffee'),
	(3, 'Hot Chocolate'),
	(4, 'Festive'),
	(5, 'Traditional'),
	(6, 'Alcoholic'),
	(7, 'Herbal'),
	(8, 'Non-Caffinated'),
	(9, 'Other');

-- Dumping structure for table cozycuppa.ingredients
CREATE TABLE IF NOT EXISTS `ingredients` (
  `ingredient_id` int(11) NOT NULL AUTO_INCREMENT,
  `ingredient` varchar(255) DEFAULT NULL,
  `ingredient_drink` int(11) DEFAULT NULL,
  PRIMARY KEY (`ingredient_id`),
  KEY `FK95bb64ch8runjr5ydbaxqwxva` (`ingredient_drink`),
  CONSTRAINT `FK95bb64ch8runjr5ydbaxqwxva` FOREIGN KEY (`ingredient_drink`) REFERENCES `drinks` (`drink_id`) ON DELETE CASCADE
) ENGINE=InnoDB AUTO_INCREMENT=71 DEFAULT CHARSET=latin1;

-- Dumping data for table cozycuppa.ingredients: ~70 rows (approximately)
INSERT INTO `ingredients` (`ingredient_id`, `ingredient`, `ingredient_drink`) VALUES
	(1, '250 ml milk or non-dairy alternative', 1),
	(2, '1 tablespoon cornflour (cornstarch)', 1),
	(3, '1 tablespoon sugar', 1),
	(4, '¼ teaspoon rose water', 1),
	(5, '1-2 drops vanilla extract', 1),
	(6, '1 teaspoon desiccated coconut', 1),
	(7, '1 teaspoon chopped shelled pistachios', 1),
	(8, '1 teaspoon flaked or chopped almonds', 1),
	(9, 'Cinnamon to sprinkle', 1),
	(10, '1 bottle red wine', 2),
	(11, '1 1/2 cups bourbon, or vodka, optional', 2),
	(12, '1/2 cup sugar', 2),
	(13, '2 tablespoons orange zest', 2),
	(14, '2 tablespoons raisins, more for serving', 2),
	(15, '1 tablespoon green cardamom pods', 2),
	(16, '2 tablespoons sliced ginger root', 2),
	(17, '1 stick cinnamon', 2),
	(18, '8 whole cloves', 2),
	(19, '2 tablespoons blanched, slivered almonds', 2),
	(20, 'Orange slices, for garnish', 2),
	(21, '2 Cups Water', 3),
	(22, '4 Tablespoons Black Tea', 3),
	(23, '14 Oz Can of Condensed Milk', 3),
	(24, '1 1/2 teaspoons matcha powder', 4),
	(25, '1 tablespoon hot water', 4),
	(26, '2 teaspoons honey, or to taste', 4),
	(27, '3/4 cup hot milk', 4),
	(28, '6 large egg yolks', 5),
	(29, '1/2 cup granulated sugar', 5),
	(30, '1 cup heavy whipping cream', 5),
	(31, '2 cups milk', 5),
	(32, '1/2 teaspoon ground nutmeg', 5),
	(33, 'pinch of salt', 5),
	(34, '1/4 teaspoon vanilla extract', 5),
	(35, 'ground cinnamon , for topping', 5),
	(36, 'alcohol optional, see note', 5),
	(37, '½ cup strong coffee', 6),
	(38, '½ cup hot chocolate', 6),
	(39, '¼ cup heavy cream', 6),
	(40, 'Chocolate shavings optional', 6),
	(41, '2 cups water', 7),
	(42, '2 black tea bags like English breakfast, OR 4 grams of loose-leaf tea leaves', 7),
	(43, '2 whole cloves or 1/4 teaspoon ground cloves', 7),
	(44, '1 tsp ground cinnamon', 7),
	(45, '1/2 tsp ground ginger', 7),
	(46, '1/2 tsp ground cardamom', 7),
	(47, '1/2 tsp ground nutmeg', 7),
	(48, '1/2 tsp ground allspice', 7),
	(49, '2 TB pure maple syrup or honey', 7),
	(50, '1/2 cup homemade chai tea concentrate from the recipe above', 7),
	(51, '3/4 cup whole milk or dairy-free milk: coconut milk, cashew milk, almond milk, oat milk', 7),
	(52, '1 TB pure maple syrup or honeym', 7),
	(53, 'pinch ground cinnamon', 7),
	(54, '5 cups water or to your taste', 8),
	(55, '2 cups or 16 oz panela grated or in chunks', 8),
	(56, '10 -12 medium apples assorted such as Honeycrisp, Gala, Rome, and Granny Smith', 9),
	(57, '2 medium navel orange peeled and sectioned', 9),
	(58, '4 (3-inch) cinnamon sticks or 2 teaspoons ground cinnamon', 9),
	(59, '1 tablespoon whole cloves or 2 ¼ teaspoons ground cloves', 9),
	(60, 'about 1 gallon fresh water', 9),
	(61, 'dark brown sugar to taste, optional', 9),
	(62, 'optional garnish: apple slices orange slices, cinnamon stick', 9),
	(63, '1 1/2 cups whole milk', 10),
	(64, '1/2 cup heavy cream', 10),
	(65, '2 teaspoons powdered sugar', 10),
	(66, '1/2 teaspoon espresso powder optional, but delicious for intensifying chocolate flavor', 10),
	(67, '8 ounces bittersweet chocolate at least 70%, chopped*', 10),
	(68, 'Giant bowl of whipped cream for serving', 10);

-- Dumping structure for table cozycuppa.instructions
CREATE TABLE IF NOT EXISTS `instructions` (
  `instruction_id` int(11) NOT NULL AUTO_INCREMENT,
  `step_num` int(11) DEFAULT NULL,
  `instruction` text DEFAULT NULL,
  `instruction_drink` int(11) DEFAULT NULL,
  PRIMARY KEY (`instruction_id`) USING BTREE,
  KEY `FK1s9j67edh7lkw1gnctailehpr` (`instruction_drink`),
  CONSTRAINT `FK1s9j67edh7lkw1gnctailehpr` FOREIGN KEY (`instruction_drink`) REFERENCES `drinks` (`drink_id`) ON DELETE CASCADE
) ENGINE=InnoDB AUTO_INCREMENT=90 DEFAULT CHARSET=latin1;

-- Dumping data for table cozycuppa.instructions: ~53 rows (approximately)
INSERT INTO `instructions` (`instruction_id`, `step_num`, `instruction`, `instruction_drink`) VALUES
	(1, 1, 'Place most of the milk in a small saucepan and heat over a low-medium flame. Reserve 2-3 tablespoon of the milk.', 1),
	(2, 2, 'Mix the cornflour, sugar, rose water and vanilla with the reserved milk, and stir well to combine.', 1),
	(3, 3, 'When the milk is nearly boiling, pour over the cornflour mixture, whisking as you do. Return the liquid to the pan, and heat, whisking constantly, until it comes to a boil.', 1),
	(4, 4, 'Continue to whisk as the liquid simmers gently for 1-2 minutes. It should be quite thick.', 1),
	(5, 5, 'Pour into a cup. Mix the coconut, pistachios and almonds together and spoon onto the top of the liquid. Sprinkle over the cinnamon and serve.', 1),
	(6, 1, 'Gather the ingredients.', 2),
	(7, 2, 'Combine the wine, bourbon or vodka (if using), sugar, orange zest, raisins, cardamom pods, ginger root, cinnamon stick, and cloves into a 2- to 3-quart pot. Heat to 175 F (77 C) and let simmer for 2 minutes.', 2),
	(8, 3, 'Remove from the heat and let stand and steep for 1 hour.', 2),
	(9, 4, 'Strain to remove the fruit and spices and gently reheat the punch.', 2),
	(10, 5, 'Add a few slivered almonds and raisins to each serving glass and garnish with a slice of orange, and serve.', 2),
	(11, 1, 'Combine the water and tea leaves in a small pot over medium heat.', 3),
	(12, 2, ' Bring the pot to a low boil. Slowly reduce heat and let simmer for a few minutes. Remove it from the heat.', 3),
	(13, 3, ' Stir in the sweetened condensed milk to taste before placing it over medium heat.', 3),
	(14, 4, 'Remove the tea from heat and add condensed milk. Boil and simmer for three minutes. ', 3),
	(15, 5, 'Strain the tea and condensed milk mixture. Drain the mixture. You can serve your Hong Kong Milk Tea hot or over ice.', 3),
	(16, 1, 'Sift the matcha powder into a mug.', 4),
	(17, 2, ' Add the hot water and whisk until no lumps remain. Stir in the honey.', 4),
	(18, 3, ' Add the milk and either whisk to combine or use a milk frother; serve immediately.', 4),
	(19, 1, 'Whisk the egg yolks and sugar together in a medium bowl until light and creamy.', 5),
	(20, 2, ' In a saucepan over medium-high heat, combine the cream, milk, nutmeg and salt. Stir often until mixture reaches a bare simmer. ', 5),
	(21, 3, ' Add a big spoonful of the hot milk to the egg mixture, whisking vigorously. Repeat, adding a big spoonful at a time, to temper the eggs. ', 5),
	(22, 4, 'Once most of the hot milk has been added to the eggs, pour the mixture back into the saucepan on the stove. ', 5),
	(23, 5, 'Whisk constantly for just a few assigned_drink_typesassigned_drink_typesassigned_drink_typesminutes, until the mixture is just slightly thickened (or until it reaches about 160 degrees F on a thermometer). It will thicken more as it cools.', 5),
	(24, 6, 'Remove from heat and stir in the vanilla, and alcohol*, if using.', 5),
	(25, 7, 'Pour the eggnog through a fine mesh strainer into a pitcher or other container and cover with plastic wrap. ', 5),
	(26, 8, 'Refrigerate until chilled. It will thicken as it cools. If you want a thinner, completely smooth consistency, you can add the entire mixture to a blender with 1 or 2 tablespoons of milk and blend until smooth.', 5),
	(27, 9, 'Serve with a sprinkle of cinnamon or nutmeg, and fresh whipped cream, if desired.', 5),
	(28, 10, 'Store homemade eggnog in the fridge for up to one week.', 5),
	(65, 1, 'Put a mason jar in the freezer (this is for making the cream topping. If you\'d rather use whipped cream, skip this step)', 6),
	(66, 2, 'Make a pot of strong coffee.', 6),
	(67, 3, 'While the coffee is brewing, make yourself a batch of hot chocolate. We recommend something homemade and creamy, but any hot chocolate will work.', 6),
	(68, 4, 'Pour your hot chocolate into the bottom 1/3rd of your mug.', 6),
	(69, 5, 'Pour your coffee over the back of a spoon into the mug, filling to 2/3rds full.', 6),
	(70, 6, 'Put your heavy cream into the chilled mason jar and close.', 6),
	(71, 7, 'Shake until the cream thickens slightly.', 6),
	(72, 8, 'Pour cream over the back of a spoon, filling the mug completely.', 6),
	(73, 9, 'Top with chocolate shavings.', 6),
	(74, 1, 'In a small saucepan, bring the water and spices to a boil. Whisk the spices in the water. Once the water reaches a boil, turn off the heat and allow the spices to steep in the water for 5 minutes.\r\n2 cups water,2 whole cloves,1 tsp ground cinnamon,1/2 tsp ground ginger,1/2 tsp ground cardamom,1/2 tsp ground nutmeg,1/2 tsp ground allspice', 7),
	(75, 2, 'After 5 minutes, turn the heat back on and add the black tea bags and maple syrup. Return to a slight boil (the goal is a hot liquid for steeping). Once boiling, turn off the heat. Steep the tea bags in the water and spices for 5 minutes.\r\n2 black tea bags,2 TB pure maple syrup', 7),
	(76, 3, 'Remove the tea bags and strain the tea through a fine mesh strainer. Reserve 1/2 cup of chai concentrate to make a latte right now. Store the remaining chai concentrate in a jar in the fridge up to 2 weeks.', 7),
	(77, 4, 'In a small saucepan, bring the milk, maple syrup, and a pinch of cinnamon to a slight boil (the sides of the milk will begin to bubble), stirring often. Once the sides of the milk begin to bubble, remove the pan from heat.\r\n3/4 cup whole milk,1 TB pure maple syrup,pinch ground cinnamon', 7),
	(78, 5, 'Using an immersion blender, blend the milk until it\'s frothy. Alternatively, use a fork to vigorously whisk and froth the milk.', 7),
	(79, 6, 'Pour 1/2 cup chai concentrate into a mug. Slowly pour in the frothed milk. Sprinkle the top with an extra pinch of cinnamon, if desired.', 7),
	(80, 7, 'Serve Warm', 7),
	(81, 1, 'Place the water and panela in a medium pot. Bring to a boil, then reduce the heat and simmer for about 30 minutes.', 8),
	(82, 1, 'Wash the apples, core and cut into wedges. Add the apple and orange slices to the slow cooker. Place the cinnamon sticks and whole cloves into a small piece of cheesecloth and place into the slow cooker or add the ground spices to the top of the fruit. Add the water, enough to cover the fruit plus about 1 inch, and cook on low heat for 7 hours or on high heat for 3 hours.', 9),
	(83, 2, 'Remove the cheesecloth of spices, if using, from the slow cooker and mash the fruit with the back of a wooden spoon or with a potato masher as much as possible. Reserve the cooked fruit for another purpose, like apple sauce, or discard.', 9),
	(84, 3, 'Taste your cider for sweetness and add the brown sugar until you reach the desired sweetness.', 9),
	(85, 4, 'Serve your homemade apple cider warm or transfer to a heat safe container and refrigerate for up to 5 days or freeze for up to 3 months.', 9),
	(86, 1, 'In a medium saucepan over medium heat, whisk together the whole milk, heavy cream, powdered sugar, and espresso powder until small bubbles appear around the edges. Do not allow the mixture to boil.', 10),
	(87, 2, 'Remove from saucepan from the heat and stir in the chopped chocolate until melted, returning the sauce to low heat if needed for the chocolate to melt completely. Serve warm, topped with lots of whipped cream.', 10),
	(88, NULL, 'Step 1', NULL),
	(89, NULL, 'Step2', NULL);

-- Dumping structure for table cozycuppa.reviews
CREATE TABLE IF NOT EXISTS `reviews` (
  `review_id` int(11) NOT NULL AUTO_INCREMENT,
  `rating` int(11) DEFAULT NULL,
  `review_date` date DEFAULT NULL,
  `review_drink` int(11) DEFAULT NULL,
  `review_author` int(11) DEFAULT NULL,
  PRIMARY KEY (`review_id`),
  KEY `FKkiqv15apofnsdqks4mn6dd49x` (`review_author`),
  KEY `FKpe5q53bidykrgovnfdb32u76l` (`review_drink`),
  CONSTRAINT `FKkiqv15apofnsdqks4mn6dd49x` FOREIGN KEY (`review_author`) REFERENCES `users` (`user_id`) ON DELETE CASCADE,
  CONSTRAINT `FKpe5q53bidykrgovnfdb32u76l` FOREIGN KEY (`review_drink`) REFERENCES `drinks` (`drink_id`) ON DELETE CASCADE
) ENGINE=InnoDB AUTO_INCREMENT=9 DEFAULT CHARSET=latin1;

-- Dumping data for table cozycuppa.reviews: ~8 rows (approximately)
INSERT INTO `reviews` (`review_id`, `rating`, `review_date`, `review_drink`, `review_author`) VALUES
	(1, 3, '2022-10-19', 10, 12),
	(2, 4, '2022-10-19', 10, 12),
	(3, 4, '2022-10-19', 7, 12),
	(4, 3, '2022-10-19', 7, 12),
	(5, 3, '2022-10-19', 8, 12),
	(6, 5, '2022-10-19', 9, 12),
	(7, 4, '2022-10-19', 9, 12),
	(8, 4, '2022-10-19', 6, 12);

-- Dumping structure for table cozycuppa.tbl_follows
CREATE TABLE IF NOT EXISTS `tbl_follows` (
  `person_id` int(11) NOT NULL,
  `follow_id` int(11) NOT NULL,
  `friend_id` int(11) NOT NULL,
  KEY `FK13pqr1auymgnb4fm7li71q0n` (`follow_id`),
  KEY `FKp48edthyuy77utqh330y4041b` (`person_id`),
  KEY `FKrvscem981ppqai05jewvs06lw` (`friend_id`),
  CONSTRAINT `FK13pqr1auymgnb4fm7li71q0n` FOREIGN KEY (`follow_id`) REFERENCES `users` (`user_id`) ON DELETE CASCADE,
  CONSTRAINT `FKp48edthyuy77utqh330y4041b` FOREIGN KEY (`person_id`) REFERENCES `users` (`user_id`) ON DELETE CASCADE,
  CONSTRAINT `FKrvscem981ppqai05jewvs06lw` FOREIGN KEY (`friend_id`) REFERENCES `users` (`user_id`) ON DELETE CASCADE
) ENGINE=InnoDB DEFAULT CHARSET=latin1;

-- Dumping data for table cozycuppa.tbl_follows: ~0 rows (approximately)

-- Dumping structure for table cozycuppa.tries
CREATE TABLE IF NOT EXISTS `tries` (
  `try_id` int(11) NOT NULL AUTO_INCREMENT,
  `try_type` int(11) DEFAULT NULL,
  `try_drink` int(11) DEFAULT NULL,
  `user_trying` int(11) DEFAULT NULL,
  PRIMARY KEY (`try_id`),
  KEY `FKrjm0baxg32yn09ngtwpyhkg29` (`user_trying`),
  KEY `FKt3wgr3vjjljceq8pp3a8bmby0` (`try_drink`),
  CONSTRAINT `FKrjm0baxg32yn09ngtwpyhkg29` FOREIGN KEY (`user_trying`) REFERENCES `users` (`user_id`) ON DELETE CASCADE,
  CONSTRAINT `FKt3wgr3vjjljceq8pp3a8bmby0` FOREIGN KEY (`try_drink`) REFERENCES `drinks` (`drink_id`) ON DELETE CASCADE
) ENGINE=InnoDB DEFAULT CHARSET=latin1;

-- Dumping data for table cozycuppa.tries: ~0 rows (approximately)

-- Dumping structure for table cozycuppa.users
CREATE TABLE IF NOT EXISTS `users` (
  `user_id` int(11) NOT NULL AUTO_INCREMENT,
  `account_active` bit(1) DEFAULT NULL,
  `user_bio` text DEFAULT NULL,
  `email` varchar(255) NOT NULL,
  `first_name` varchar(255) DEFAULT NULL,
  `last_name` varchar(255) DEFAULT NULL,
  `password` varchar(255) NOT NULL,
  `user_photo` varchar(255) DEFAULT NULL,
  `user_create_date` date NOT NULL,
  `user_dob` date NOT NULL,
  `username` varchar(255) NOT NULL,
  `user_country` int(11) DEFAULT NULL,
  PRIMARY KEY (`user_id`),
  UNIQUE KEY `UK_6dotkott2kjsp8vw4d0m25fb7` (`email`),
  UNIQUE KEY `UK_r43af9ap4edm43mmtq01oddj6` (`username`),
  UNIQUE KEY `UK_i974kgup8plgad6y62hmehgk2` (`user_photo`),
  KEY `FKbpjtjvi86f4agblxkpqbo1bsa` (`user_country`),
  CONSTRAINT `FKbpjtjvi86f4agblxkpqbo1bsa` FOREIGN KEY (`user_country`) REFERENCES `countries` (`country_id`)
) ENGINE=InnoDB AUTO_INCREMENT=14 DEFAULT CHARSET=latin1;

-- Dumping data for table cozycuppa.users: ~11 rows (approximately)
INSERT INTO `users` (`user_id`, `account_active`, `user_bio`, `email`, `first_name`, `last_name`, `password`, `user_photo`, `user_create_date`, `user_dob`, `username`, `user_country`) VALUES
	(1, b'1', 'Growing up in Hong Kong, I have a lifelong appreciation for tea and other warm drinks from around the world! My absoulte favorite drink is Hong Kong milk tea. I like to experience new drinks on my travels and hope to connect with locals to learn to enjoy authentic drinks at home!', 'lc@gmail.com', 'Leia', 'Chan', '$2a$10$1lR0zAYWH4PDUYUW6oOtj.7wrI5EEHPTwgN6c1pJBHReboghLVYLy', '/media/User/1.jpg', '2020-10-11', '1995-05-06', 'leafLover', 96),
	(2, b'1', 'The cold and long winters of Canada have done nothing to keep me indoors. In, fact when I was young I took it as a challenge! Even so, there is NOTHING quite so lovely as coming inside and enjoing a nice cozy cup after a cold adventure inside. ', 'jf@gmail.com', 'Francios', 'Girard', '$2a$10$e2zZ9I9GMcyKaUMWgNPUKO4cRWGgeCAsvJzMXxaazIR40nMN6fxxa', '/media/Users/2.jpg', '2020-10-11', '1986-09-16', 'FancyManFran', 38),
	(3, b'1', 'I am a miner from a highly advanced civilization. To others, I seem stoic. My greatest strength is I can curse my foes with afflictions. My hidden talent is I can commune with the recently deceased. My worst flaw is I am a sucker for a pretty face. I believe that we should all live and let live. My goal is to find a way to live forever.', 'teaBea@gmail.com', 'Mostafa', '	Adel', '$2a$10$SeqMVBzBSIl4FAjIyhDUwO6DLLhKkLsVhQORp8HDGeS8MADPGM/C2', '/media/Users/3.jpg', '2020-10-13', '2001-10-16', 'SkeletonMaster', 38),
	(4, b'1', 'I am a rat catcher from the king\'s army. To others, I seem deceitful. My greatest strength is my ability to magically evoke and control fire. My hidden talent is fighting goblins. My worst flaw is I am extremely clumsy. I believe that all life is sacred. My goal is to serve the needy.', 'MisTea@gmail.com', 'Mable', 'Aussil', '$2a$10$kSff0eY5lP/uqgorrkbL/uLDDHgXAwMkRoHCqDH4prdXy2KMvA9DC', '/media/Users/4.jpg', '2020-10-13', '1978-01-13', 'CatMoose', 190),
	(5, b'1', 'I am a guide from the trade district. To others, I seem stoic. My greatest strength is my trusty blowpipe. My hidden talent is I am an amazing cook. My worst flaw is I am vulnerable to cold. I believe that we all have a set destiny. My goal is to destroy the people that have wronged me.', 'MadMaven@gmail.com', 'Jillian', 'Smith', '$2a$10$whY85STjFNQ033RlZdowj.hWzQ/Egc2p2DVbNT3tqfHbbkPqd3I5m', '/media/Users/5.jpg', '2020-10-12', '1988-08-15', 'JillyBean', 12),
	(6, b'1', 'I am a street performer from a noble house. To others, I seem like a party animal. My greatest strength is my skill with a whip. My hidden talent is that I\'m well-read on a variety of subjects. My worst flaw is I am vulnerable to cold. I believe that civilization has encroached too far into nature. My goal is to find true love.', 'NerMan@gmail.com', 'Toke', 'Boisen', '$2a$10$hsiS/F7yeDKAwIKWfUD20.7.9ctmDUEhaE5cM3Pb9ejJFMPSS3Xyu', '/media/Users/6.jpg', '2020-10-12', '1990-07-21', 'BlackBirdFixa', 59),
	(8, b'1', 'I am a baron from a mining town. To others, I seem greedy. My greatest strength is my ability to summon animals to aid me. My hidden talent is I can magically curse my foes with minor afflictions. My worst flaw is I was bitten by a werewolf. I believe that all traditions are useful should be honored. My goal is to become famous.', 'Gargglesn@gmail.com', 'Joe', 'Zoisen', '$2a$10$61q.wvbUIknykJ9uxGhbY.CMo3L5h2oa/ATUoLGw60KZl8Odi4Jyi', '/media/Users/7.jpg', '2020-10-12', '1945-03-30', 'MetallicTrout', 247),
	(9, b'1', 'I am a folk hero from a mountain village. To others, I seem courteous. My greatest strength is my family\'s magic sword. My hidden talent is I can repair armor if I have my tools. My worst flaw is I am extremely arrogant. I believe that most problems can be solved with violence. My goal is to share my knowledge with the world.', 'Gnarglesn@gmail.com', 'Zoe', 'Chen', '$2a$10$loUD8/W/gTPK7hx3Jd/9xeb8frmQPHuWVRi6tGUzSeNEhnKvz9K72', '/media/Users/8.jpg', '2020-10-12', '2000-02-14', 'GarglingGlitter', 15),
	(11, b'1', 'I am a scout from a small town. To others, I seem like a party animal. My greatest strength is my vast intellegence. My hidden talent is my ability to persuade others to do my bidding. My worst flaw is I cannot speak. I believe that the most important thing is fairness. My goal is to simply survive another day.', 'GivingGood@gmail.com', 'Summer', 'Smith', '$2a$10$sWCR/1WVk4Wdh3jRkt2rweE4LanExaEdrIIWob3t1PkeL0cCH7.P.', '/media/Users/9.jpg', '2020-10-12', '1990-04-23', 'SandmanSlayer', 233),
	(12, b'1', 'I am a detective from a town that was destroyed by a dragon. To others, I seem diligent. My greatest strength is I am favored by the God of luck. My hidden talent is my ability to magically evoke and control fire. My worst flaw is I am extremely clumsy. I believe that violence is rarely the answer. My goal is to become a ruler.', 'queenmave@gmail.com', 'Robin', 'MelissaSen', '$2a$10$kxSjZ1aibCxxK3JfF/MeXuGMcOGqESSAmCYh5V/vfRzSoD2aZxeOW', '/media/Users/10.jpg', '2020-10-12', '1980-11-10', 'RenQueen', 111);

/*!40103 SET TIME_ZONE=IFNULL(@OLD_TIME_ZONE, 'system') */;
/*!40101 SET SQL_MODE=IFNULL(@OLD_SQL_MODE, '') */;
/*!40014 SET FOREIGN_KEY_CHECKS=IFNULL(@OLD_FOREIGN_KEY_CHECKS, 1) */;
/*!40101 SET CHARACTER_SET_CLIENT=@OLD_CHARACTER_SET_CLIENT */;
/*!40111 SET SQL_NOTES=IFNULL(@OLD_SQL_NOTES, 1) */;
